id,uri,prefLabel,definition
SDN:L05::WDRG,http://vocab.nerc.ac.uk/collection/L05/current/WDRG/,Wire drags,"Wires, usually several thousand feet in length, maintained horizontally at any desired depth by means of attached weights, buoyed at intervals, towed by a power boat at each end, and used to locate submerged obstructions projecting above the depth at which it is set."
SDN:L05::LAB28,http://vocab.nerc.ac.uk/collection/L05/current/LAB28/,thermal conductivimeters,Laboratory instruments that determine the thermal conductivity of rock or sediment samples (including unopened cores).
SDN:L05::360,http://vocab.nerc.ac.uk/collection/L05/current/360/,piezometers,"Devices that measure fluid  (air, gas, water, or oil) pressure within soil, sediment, rock or concrete providing information such as water table level in an aquifer system."
SDN:L05::COLCMP,http://vocab.nerc.ac.uk/collection/L05/current/COLCMP/,Colour comparators,Sets of standard materials that provide reference colour charts for the quantification of the colour of an object by visual comparison.
SDN:L05::LVLST,http://vocab.nerc.ac.uk/collection/L05/current/LVLST/,Levels and staffs,Optical instruments and graduated poles used in surveying to determine the elevation of a location relative to a datum level.
SDN:L05::398,http://vocab.nerc.ac.uk/collection/L05/current/398/,telecommunication systems,"Devices or systems that transmit data from one geographic location to another (e.g. WIFI, cellular phone or satellite networks)."
SDN:L05::315,http://vocab.nerc.ac.uk/collection/L05/current/315/,Sea ice remote sensors,Instruments that measure the intensity and nature of electromagnetic radiation in a manner optimised for sea ice detection and quantification.
SDN:L05::309,http://vocab.nerc.ac.uk/collection/L05/current/309/,terrestrial radiometers,Sensors that measure the intensity and nature of electromagnetic radiation in a manner optimised for the quantification of terrestrial phenomena.
SDN:L05::387,http://vocab.nerc.ac.uk/collection/L05/current/387/,Aethalometers,Instruments that quantify atmospheric particulate carbon ('black carbon') concentrations.
SDN:L05::BLUMS,http://vocab.nerc.ac.uk/collection/L05/current/BLUMS/,bioluminescence sensors,"Submersible instruments which measure visible emissions from bioluminescent organisms by stimulating intracellular chemiluminescence through mechanical-stressors, such as turbulent water-flow, and sensing by photodetectors, such as photodiodes or photomultiplier tubes. Excludes bioluminescence biosensors which detect the presence of target chemicals or compounds using engineered-bioluminescent bacteria."
SDN:L05::EQUIL,http://vocab.nerc.ac.uk/collection/L05/current/EQUIL/,equilibrators,"Devices in which samples and carriers are brought into chemical equilibrium prior to analysis. For example, a shower head or tower full of marbles used to equilibrate water samples with air that is subsequently analysed for carbon dioxide to give pCO2 in the water sample."
SDN:L05::85,http://vocab.nerc.ac.uk/collection/L05/current/85/,biorectors and chemostats,Devices in which controlled conditions are maintained for a chemical process to be carried out by organisms or biochemically active substances derived from such organisms.
SDN:L05::LAB41,http://vocab.nerc.ac.uk/collection/L05/current/LAB41/,laboratory cameras,"Code deprecated on 18Sep2020: created in error. Description was: All types of photographic equipment that are hand-held or part of laboratory apparatus including stills, video, film and digital systems."
SDN:L05::311,http://vocab.nerc.ac.uk/collection/L05/current/311/,cameras,"All types of photographic equipment used to record visual images. Includes stills, video, film and digital systems."
SDN:L05::CSEM,http://vocab.nerc.ac.uk/collection/L05/current/CSEM/,controlled-source electromagnetic systems,Systems that measure sub-surface resistivity structure through the measurement of the electromegnetic fields resulting from stimulation by a towed source.  Includes systems incorporating both transmitter and receiver and systems where the transmitter and receiver are separate.
SDN:L05::PERMON,http://vocab.nerc.ac.uk/collection/L05/current/PERMON/,Performance monitors,Sensors or instruments that monitor whether a platform or environmental sensors on the platform are functioning.
SDN:L05::LAB39,http://vocab.nerc.ac.uk/collection/L05/current/LAB39/,Geiger counters,"Instruments that measure the amount of alpha, beta or gamma radiation through quantification of the ionization of a low-pressure gas contained in a tube. Sometimes referred to as Geiger-Müller counters."
SDN:L05::LAB51,http://vocab.nerc.ac.uk/collection/L05/current/LAB51/,holographic microscopes,Instruments that generate enlarged images of samples using the phenomena of digital inline holography with numerical reconstruction instead of reflection and absorption of visible light.
SDN:L05::359,http://vocab.nerc.ac.uk/collection/L05/current/359/,plummets,Devices comprising a weight attached to the end of a graduated rope used to measure point water depths.
SDN:L05::397,http://vocab.nerc.ac.uk/collection/L05/current/397/,sample dividers,A device used to subdivide material samples into two or more representative portions.
SDN:L05::MOD01,http://vocab.nerc.ac.uk/collection/L05/current/MOD01/,Global models,Numerical models that make predictions over the whole globe.
SDN:L05::TFSAMP,http://vocab.nerc.ac.uk/collection/L05/current/TFSAMP/,thin film metal samplers,"Metal samplers comprising a filter, a diffusive gel layer and a resin layer that scavenge trace metals by diffusion from water bodies or in-situ sediment pore waters. A constant concentration gradient is set up in the gel from which the metal concentration in the sampled medium may be determined."
SDN:L05::66,http://vocab.nerc.ac.uk/collection/L05/current/66/,flushing drills,Devices primarily designed to drill wells through sediment or rock that flush the drill spoil back to the surface where it is examined to provide lithological data through the process known as mud logging.
SDN:L05::391,http://vocab.nerc.ac.uk/collection/L05/current/391/,sediment suction samplers,"Devices that collect samples from the sediment layer surface using suction. The mechanism of suction can be accomplished by either vacuum, by pressure difference between the air inside the sampler and surrounding water, by pumping water directly into the sampler or by under pressure air to elevate the sediment inside the sampler. Devices are typically diver- or remotely-operated."
SDN:L05::LAB44,http://vocab.nerc.ac.uk/collection/L05/current/LAB44/,refractometers,Instruments that measure the refractive index of a sample.
SDN:L05::LAB31,http://vocab.nerc.ac.uk/collection/L05/current/LAB31/,magnetic susceptibility systems,"Sensors, probes and meters that measure the degree to which a sample or part thereof is influenced by a magnetic field."
SDN:L05::LAB50,http://vocab.nerc.ac.uk/collection/L05/current/LAB50/,thermal cyclers,"Instruments that repeatedly heat and cool samples in a series of steps. They are typically used to amplify segments of DNA via the polymerase chain reaction (PCR). They can also be used to facilitate other temperature-sensitive reactions, including restriction enzyme digestion or rapid diagnostics."
SDN:L05::LAB52,http://vocab.nerc.ac.uk/collection/L05/current/LAB52/,homogenisers,"A piece of laboratory or industrial equipment used to disrupt and make uniform samples of various types of material, such as tissue, plant, food, or soil."
SDN:L05::390,http://vocab.nerc.ac.uk/collection/L05/current/390/,Mechanical bathythermographs,Tethered probes that measure temperature in relation to depth using a temperature and pressure package that is lowered into the water and subsequently retrieved using a winch. The profile of temperature is recorded mechanically by etchings on a glass slide. Depth is calculated as a function of pressure.
SDN:L05::132,http://vocab.nerc.ac.uk/collection/L05/current/132/,bathythermographs,Instruments that measure vertical profiles of sea temperature by either lowering a pressure plus temperature senor package (MBT) or dropping a free falling disposable sensor (XBT).
SDN:L05::393,http://vocab.nerc.ac.uk/collection/L05/current/393/,binoculars and terrestrial scopes,"Optical tools used to magnify and observe terrestrial objects that are distant from the observer. This includes tools such as binoculars, monoculars, terrestrial telescopes and spotting scopes. It excludes astronomical telescopes, camera devices, and tools which enlarge objects close to the observer such as hand lenses."
SDN:L05::LAB34,http://vocab.nerc.ac.uk/collection/L05/current/LAB34/,chemiluminescence analysers,Laboratory apparatus that detemines the concentration of a chemical species by quantification of the electromagnetic radiation (usually visible light) produced by a chemical reaction.
SDN:L05::LAB08,http://vocab.nerc.ac.uk/collection/L05/current/LAB08/,electron microprobes,Instruments that chemically analyse a small area of a sample by bombarding it with electrons and spectroscopically assaying the resulting X-Ray emissions.
SDN:L05::LBTG,http://vocab.nerc.ac.uk/collection/L05/current/LBTG/,labelling tags,Passive devices attached to captured organisms to specifically identify them when recaptured after release.
SDN:L05::380,http://vocab.nerc.ac.uk/collection/L05/current/380/,submarine cables,Electrical conductors routed beneath the sea and connecting land stations.  Oceanographic interest focuses on changes in electrical resistance that may be related to the magnitude of Lagrangian currents.
SDN:L05::ICEP,http://vocab.nerc.ac.uk/collection/L05/current/ICEP/,ice thickness profilers,"Instruments that measure the freeboard, draught or thickness of ice sheets or sea ice. These are not to be confused with tethered ice profilers that are platforms that sample the water column beneath sea ice."
SDN:L05::361,http://vocab.nerc.ac.uk/collection/L05/current/361/,penetrometers,Dynamic or passive devices that determine the consistency or hardness of soil or sediment by measuring the depth or rate of penetration of a needle or cone rig into it when a known force is applied.
SDN:L05::182,http://vocab.nerc.ac.uk/collection/L05/current/182/,inapplicable,There is no appropriate value. To be used in cases where metadata elements cannot be set null due to schema constraints.
SDN:L05::133,http://vocab.nerc.ac.uk/collection/L05/current/133/,thermosalinographs,Temperature and conductivity sensors mounted on a sea-surface platform continuously measuring a surface water supply.
SDN:L05::151,http://vocab.nerc.ac.uk/collection/L05/current/151/,benthic incubation chambers,A device that isolates a portion of seabed plus overlying water from its surroundings. Either returns the entire system to the surface or incorporates sampling devices and/or in-situ sensors.
SDN:L05::91,http://vocab.nerc.ac.uk/collection/L05/current/91/,observers,"Humans who estimate a parameter through observation of a phenomenon such as bird counts, bird song mappings and visual wave observations."
SDN:L05::LAB09,http://vocab.nerc.ac.uk/collection/L05/current/LAB09/,ion microprobes,Instruments that isotopically analyse a small area of sample by bombarding it with ions to form a plasma that is analysed in a mass spectrometer.
SDN:L05::90,http://vocab.nerc.ac.uk/collection/L05/current/90/,manual biota samplers,"A simple tool like a hammer, saw or even just a hand for the collection of biota samples."
SDN:L05::LAB29,http://vocab.nerc.ac.uk/collection/L05/current/LAB29/,rulers,Devices that allow one or more physical dimensions of a sample or specimen to be determined by visible comparison against marked graduations in units of measurement of dimension length.
SDN:L05::MOD05,http://vocab.nerc.ac.uk/collection/L05/current/MOD05/,Coupled models,Numerical models that make predictions in both the atmosphere and the hydrosphere by considering both spheres as a single system.
SDN:L05::310,http://vocab.nerc.ac.uk/collection/L05/current/310/,laser altimeters,Instruments that determine the distance between the platform and the Earth's surface by timing reflected pulses of laser light.
SDN:L05::LAB13,http://vocab.nerc.ac.uk/collection/L05/current/LAB13/,balances and scales,Devices that determine the mass or weight of a sample.
SDN:L05::60,http://vocab.nerc.ac.uk/collection/L05/current/60/,sediment dredges,Bucket-like containers hauled over the sea bed collecting integrated samples of surface sediment along a segment of ship track.
SDN:L05::14,http://vocab.nerc.ac.uk/collection/L05/current/14/,precipitation samplers,"A device that collects a sample of precipitation (rain, hail or snow) as it falls."
SDN:L05::LAB32,http://vocab.nerc.ac.uk/collection/L05/current/LAB32/,acoustic velocity systems,"Instruments that measure the speed or velocity of sound, including P-waves, in samples of solids, liquids or gases."
SDN:L05::EMSR,http://vocab.nerc.ac.uk/collection/L05/current/EMSR/,electromagnetic sensors,"In-situ sensors that simultaneuously measure electrical and magnetic fields.  They are usually moored on the seabed for long periods of time for determination of deep structure through monitoring magnetotelluric currents.  However, some may also be configured to be receivers for active electromagnetic surveys such as CSEM."
SDN:L05::LAB07,http://vocab.nerc.ac.uk/collection/L05/current/LAB07/,electron microscopes,Instruments that generate enlarged images of samples using the phenomena of reflection and absorption of electrons behaving as waves.
SDN:L05::55,http://vocab.nerc.ac.uk/collection/L05/current/55/,sediment settling tubes,A specialised water bottle that both collects water samples and provides a settling velocity experiment apparatus.
SDN:L05::MOD08,http://vocab.nerc.ac.uk/collection/L05/current/MOD08/,Biological and biogeochemical models,"Numerical models that make predictions of biological parameters, including ecosystem models."
SDN:L05::83,http://vocab.nerc.ac.uk/collection/L05/current/83/,centrifuges,Devices that separate the liquid and solid phases of a sample through forces exerted by rapid rotation.
SDN:L05::131,http://vocab.nerc.ac.uk/collection/L05/current/131/,CTD undulators,"An undulating platform towed behind a ship carrying an instrument that measures temperature, conductivity and pressure (for depth) and possibly other instruments such as fluorometers. Current thinking is that this is a platform category and not an instrument category and so its inclusion in this vocabulary was an error. Its usage is not recommended."
SDN:L05::54,http://vocab.nerc.ac.uk/collection/L05/current/54/,rock dredges,A device dragged across the seabed designed to collect loose rock samples.
SDN:L05::LAB26,http://vocab.nerc.ac.uk/collection/L05/current/LAB26/,X-ray diffractometers,Instruments that identify crystalline solids by measuring the characteristic spaces between layers of atoms or molecules in a crystal.
SDN:L05::LAB22,http://vocab.nerc.ac.uk/collection/L05/current/LAB22/,gamma-ray spectrometers,Instruments measuring the relative levels of electromagnetic radiation of different wavelengths in the gamma-ray waveband.
SDN:L05::358,http://vocab.nerc.ac.uk/collection/L05/current/358/,bubble detectors,Instruments that measure the concentration and size of air bubbles in the water column.
SDN:L05::377,http://vocab.nerc.ac.uk/collection/L05/current/377/,water level markers,Fixed physical markers that allow changes in the position of the boundary between a water body and the atmosphere by visible comparison against marked graduations in units of measurement of dimension length.
SDN:L05::MPIS,http://vocab.nerc.ac.uk/collection/L05/current/MPIS/,profiling sonars,"Active sonar systems that provide a cross-sectional profile of a target area. These instruments typically emit a series of acoustic pulses in a beam pattern like a spot or pencil beam and the peak echo return is recorded. They provide a digitised version of echo returns as opposed to multicoloured images by imaging sonars. They are generally deployed on survey vessels pointing the transducer down towards the target. Applications of profiling sonars include cross-sectional profiling in pipeline and trench survey, bottom profiles, and surveying of underwater cave systems or manmade structures like road and rail bridge foundations. Examples of this type of system are Tritech Super SeaKing DFP Profiler and Imagenex 881A Profiling Sonar Head."
SDN:L05::155,http://vocab.nerc.ac.uk/collection/L05/current/155/,seismic refraction systems,A network of seismometers or geophones plus an energy source that determine geologic structure by detecting waves refracted by subsurface layers.
SDN:L05::MOD04,http://vocab.nerc.ac.uk/collection/L05/current/MOD04/,Ocean models,Numerical models the make predictions in the hydrosphere assuming that it is a closed system that doesn't interact with the atmosphere.
SDN:L05::392,http://vocab.nerc.ac.uk/collection/L05/current/392/,colonisation substrata,"Natural or artificial materials deployed in a marine or artificial environment for a given period to act as standardised, passive settlement sampling devices (e.g. settlement plates). They are used to determine the extent of colonisation and/or the diversity of settled organisms."
SDN:L05::396,http://vocab.nerc.ac.uk/collection/L05/current/396/,parametric sub-bottom profilers,"Marine seismic sources that send sound pulses into the sub-sea floor sediments. The sound pulses bounce off the sea floor and subsequent buried sediment layers according to differences in their acoustic impedance (hardness) and in turn, their density. Parametric sub-bottom profilers are non-linear systems that transmit two different higher frequencies that interact during sound propagation to generate a resultant lower operating frequency with narrow bandwidth. They typically operate at frequencies greater than 2 kHz and penerate to several hundreds of metres."
SDN:L05::SBAG,http://vocab.nerc.ac.uk/collection/L05/current/SBAG/,single-bubble airgun,Array of air gun tuned in order to obtain the necessary energy wile reducing the size of the air guns.
SDN:L05::FLXT,http://vocab.nerc.ac.uk/collection/L05/current/FLXT/,Flexotir,A seismic method for marine shooting whereby small charges are propelled through a rubber hose by water under pressure into a steel cage where they are detonated. Holes in the cage allow the water repelled by the explosion to flow out and in thus dissipating some of the energy in the bubble effect.
SDN:L05::EXHL,http://vocab.nerc.ac.uk/collection/L05/current/EXHL/,high resolution low penetration explosives,Groups all explosives that allows high resolution but low penetration surveys.
SDN:L05::FLXS,http://vocab.nerc.ac.uk/collection/L05/current/FLXS/,Flexichoc,An implosive energy source for marine shooting. Two plates are separated by compressed air until they lock into position. The air between them is then pumped out creating a vacuum. On the signal the plates are unlocked and the water pressure forces them together creating a shock wave in the water.
SDN:L05::MVBR,http://vocab.nerc.ac.uk/collection/L05/current/MVBR/,marine vibroseis,A marine seismic source generating sweeps of controlled varying frequency (from a few Hz to hundreds of Hz) and duration.
SDN:L05::GIAG,http://vocab.nerc.ac.uk/collection/L05/current/GIAG/,GI-gun,"A marine seismic source where a pair of conventional airguns (one, the generator, fires in the conventional manner; the second, known as the injector) fires some milliseconds later to prevent bubble from collapsing. Could be used in true GI mode (volume of injector twice of volume of generator), harmonic mode (same volume of generator and injector) or true airgun (no delay between generator and injector)."
SDN:L05::BOMR,http://vocab.nerc.ac.uk/collection/L05/current/BOMR/,boomers,"A marine seismic energy source in which capacitors are charged to high voltage and then discharged through a transducer in the water. The transducer consists of a flat coil with a spring-loaded aluminium plate. Eddy currents force the plates to separate sharply, producing a low pressure region between the plates into which the water rushes generating a pressure wave by implosion."
SDN:L05::ARAG,http://vocab.nerc.ac.uk/collection/L05/current/ARAG/,airgun array,A marine seismic source where multiple airguns of different sizes are tuned so that  a broader frequency spectrum will be generated.
SDN:L05::AQPL,http://vocab.nerc.ac.uk/collection/L05/current/AQPL/,Aquapulse,A marine seismic source where a propane-oxygen mixture is exploded inside a steel cylinder.
SDN:L05::LAB45,http://vocab.nerc.ac.uk/collection/L05/current/LAB45/,ion chromatography analysers,Instruments that use ion chromatography to separate ions and polar molecules based on their affinity to an ion exchanger resin. Sample solutions pass through a pressurized chromatographic column where ions are absorbed by the resin and subsequently eluted using an ion extraction liquid. The retention time of different species determines the ionic concentrations in the sample.
SDN:L05::121,http://vocab.nerc.ac.uk/collection/L05/current/121/,satellite tracking system,A network of satellites that determines the position of a transponder by triangulation such as Argos. Generally used to track surface buoys for the determination of Lagrangian currents.
SDN:L05::86,http://vocab.nerc.ac.uk/collection/L05/current/86/,inorganic carbon analysers,Instruments measuring carbonate in sediments and inorganic carbon in the water column.
SDN:L05::394,http://vocab.nerc.ac.uk/collection/L05/current/394/,Pinger sub-bottom profilers,"Marine seismic sources that send sound pulses into the sub-sea floor sediments. The sound pulses bounce off the sea floor and subsequent buried sediment layers according to differences in their acoustic impedance (hardness) and in turn, their density. Pingers are linear, single channel, high frequency systems that typically operate at frequencies greater than 2 kHz and penetrate to several tens of metres."
SDN:L05::367,http://vocab.nerc.ac.uk/collection/L05/current/367/,>2000 Hz top-bandwidth sub-bottom penetrator and mud profiler systems,Devices that provide information on unconsolidated sediment structure through transmission and reception of an energy source with a frequency corresponding to a sampling interval lower than 0.25 msec.
SDN:L05::CHRP,http://vocab.nerc.ac.uk/collection/L05/current/CHRP/,chirps,"Chirp systems emit a 'swept-frequency signal', meaning that the transmitted signal is emitted over a period of time and over a set range of frequencies. This repeatable (transmitted) waveform can be varied in terms of pulse length, frequency bandwidth, and phase/amplitude. A matched filter, or correlation process, collapses the swept frequency modulated (FM) received signal into a pulse of short duration, maximizing the signal-to-noise-ratio. The reflected signal is received by a tuned transducer array that generates the outgoing acoustic energy. Chirps operate within a range of 400Hz - 24 kHz and are used for the first 20-30 metres of unconsolidated sediments."
SDN:L05::352,http://vocab.nerc.ac.uk/collection/L05/current/352/,plankton categorisers and counters,"Instruments that categorise and/or count plankton, and/or enable 2D/3D spatial reconstruction of plankton in the water column."
SDN:L05::VSHC,http://vocab.nerc.ac.uk/collection/L05/current/VSHC/,Vaporchoc,A marine seismic energy source in which a quantity of superheated steam under high pressure is iniected into water. Subsequent condensation of the steam attenuates bubble oscillation.
SDN:L05::378,http://vocab.nerc.ac.uk/collection/L05/current/378/,sediment profile imagers,"Devices that provide in-situ still or video images of a section including bottom water, the undisturbed sediment-water interface and the upper sediment layers."
SDN:L05::180,http://vocab.nerc.ac.uk/collection/L05/current/180/,underwater cameras,"Code deprecated on 18Sep2020: created in error. Description was: All types of photographic equipment that may be deployed underwater including stills, video, film and digital systems."
SDN:L05::57,http://vocab.nerc.ac.uk/collection/L05/current/57/,manual rock samplers,"A simple tool like a hammer, saw or even just a hand for the collection of rock samples."
SDN:L05::LAB15,http://vocab.nerc.ac.uk/collection/L05/current/LAB15/,inductively-coupled plasma mass spectrometers,Instruments that pass nebulised samples into an inductively-coupled gas plasma (8-10000 K) where they are atomised and ionised. Ions of specific mass-to-charge ratios are quantified in a quadrupole mass spectrometer.
SDN:L05::LAB16,http://vocab.nerc.ac.uk/collection/L05/current/LAB16/,mass spectrometers,Instruments used to measure the mass-to-charge ratio of ions most generally used to find the composition of a sample by generating a mass spectrum representing the masses of sample components.
SDN:L05::313,http://vocab.nerc.ac.uk/collection/L05/current/313/,bird detection radars,"X-band and S-band radar systems developed for the detection, tracking and counting of birds in flight."
SDN:L05::370,http://vocab.nerc.ac.uk/collection/L05/current/370/,geothermometers,Instruments carrying a sensor that determines the temperature (degree of hotness) within geological units.
SDN:L05::59,http://vocab.nerc.ac.uk/collection/L05/current/59/,sampling extent markers,Devices that label the region within which sampling is to be confined such as permanent quadrats and location markers.
SDN:L05::70,http://vocab.nerc.ac.uk/collection/L05/current/70/,fish aggregating devices,"Any kind of permanent, semi-permanent or temporary structure designed to attract fishes (specially tunas) and used in ocean purse seine fisheries. FADs can be moored or drifting devices and consist of surface or sub-surface buoys or floats to which underwater ropes, lines or chains can be attached. The most sophisticated type can be equipped with an echo sounder to estimate the biomass under it, a GPS to locate the device, and either a VHF, Immarsat or Iridium connection to periodically send the information to the vessel which owns it."
SDN:L05::63,http://vocab.nerc.ac.uk/collection/L05/current/63/,passive fishing gear,Apparatus where capture is based on the movement of the target species towards the gear (e.g. creels and fish traps).
SDN:L05::65,http://vocab.nerc.ac.uk/collection/L05/current/65/,gill nets,"Nets drifting in the sea or standing on the sea floor in which fish become entangled, usually through their gill covers."
SDN:L05::82,http://vocab.nerc.ac.uk/collection/L05/current/82/,in-situ incubators,A rig that allows water samples to be retained from where they were collected whilst physically separated from their surroundings.  Includes small-scale incubation rigs and mesocosms.
SDN:L05::74,http://vocab.nerc.ac.uk/collection/L05/current/74/,trap nets,"Stationary nets (such as Fyke nets, Pound nets) that are used in shallow waters such as coastlines or estuaries. They are fixed to the bottom by anchors, ballast or stakes, and may be used individually or in groups. They often consist of a labyrinth-like chamber into which fish can easily enter, and from which they cannot easily escape. Target species include salmon, trout and eel."
SDN:L05::301,http://vocab.nerc.ac.uk/collection/L05/current/301/,satellite positioning systems,A network of statellites that generate signals that allow a receiver to determine its position such as GPS.
SDN:L05::POS04,http://vocab.nerc.ac.uk/collection/L05/current/POS04/,Differential Global Positioning System receivers,"{""node"": {
    ""notes"": ""GPS augmented by a network of fixed ground stations that continuously broadcast the difference between their true locations and the location determined from the satellites."",
    ""accuracy"": ""better than 100m to better than 10m""
}}"
SDN:L05::POS03,http://vocab.nerc.ac.uk/collection/L05/current/POS03/,NAVSTAR Global Positioning System receivers,"{""node"": {
    ""notes"": ""Global navigation based on a network of satellites deployed and maintained by the USA."",
    ""accuracy"": ""better than 100m""
}}"
SDN:L05::POS02,http://vocab.nerc.ac.uk/collection/L05/current/POS02/,Global Navigation Satellite System receivers,"{""node"": {""notes"": ""Based on a network of satellites deployed by the former Soviet Union.  The network was initiated in 1976 but fell into disrepair before full global coverage was reached during the political upheaval of the early 90s""}}"
SDN:L05::POS17,http://vocab.nerc.ac.uk/collection/L05/current/POS17/,Argos doppler-localised transmitters,"{""node"": {
    ""mode"": ""Doppler-derived Argos localisation"",
    ""accuracy"": ""better than 250m (class 3) to worse than 1500m (class 0)""
}}"
SDN:L05::POS16,http://vocab.nerc.ac.uk/collection/L05/current/POS16/,Argos GPS-localised transmitters,"{""node"": {
    ""mode"": ""GPS localisation"",
    ""accuracy"": ""better than 100m""
}}"
SDN:L05::POS18,http://vocab.nerc.ac.uk/collection/L05/current/POS18/,Navy Navigation Satellite System receivers,"{""node"": {
    ""mode"": ""Doppler-derived localisation"",
    ""accuracy"": ""better than 10km or 2km if combined with relative water velocity em-log""
}}"
SDN:L05::124,http://vocab.nerc.ac.uk/collection/L05/current/124/,transmissometers,Systems that measure the attenuation of electromagnetic radiation by the water column. Includes human observer plus Secchi Disk.
SDN:L05::21,http://vocab.nerc.ac.uk/collection/L05/current/21/,plankton recorders,"A device that continuously samples a flow of water, separating and fixing plankton for subsequent identification and counting."
SDN:L05::LAB40,http://vocab.nerc.ac.uk/collection/L05/current/LAB40/,Volume measures,"Pieces of apparatus that determine the volume of a liquid sample or dispense measured volumes of liquid. Includes devices covering a wide range of sophistication from measuring cylinders, syringes and manual pipettes through to programmable electronic instruments."
SDN:L05::LAB19,http://vocab.nerc.ac.uk/collection/L05/current/LAB19/,gas chromatograph mass spectrometers,"Instruments separating gases, volatile substances or substances dissolved in a volatile solvent by transporting an inert gas through a column packed with a sorbent to a detector for assay by a mass spectrometer."
SDN:L05::53,http://vocab.nerc.ac.uk/collection/L05/current/53/,rock corers,A device that extracts rock either by chipping or drilling.
SDN:L05::12,http://vocab.nerc.ac.uk/collection/L05/current/12/,fog samplers,A device that condenses a sample of fog from the atmosphere.
SDN:L05::LAB18,http://vocab.nerc.ac.uk/collection/L05/current/LAB18/,nuclear magnetic resonance spectrometers,Instruments that identify and quantify magnetically active chemical entities by subjecting a sample to orthogonal magnetic and electrical fields.
SDN:L05::LAB25,http://vocab.nerc.ac.uk/collection/L05/current/LAB25/,X-ray fluorescence analysers,Instruments that identify and quantify the elemental constituents of a sample from the spectrum of electromagnetic radiation emitted by the atoms in the sample when excited by X-ray radiation.
SDN:L05::303,http://vocab.nerc.ac.uk/collection/L05/current/303/,surface current radars,Instruments that measure the speed and direction of sea surface travel by timing reflected radio waves.
SDN:L05::LAB43,http://vocab.nerc.ac.uk/collection/L05/current/LAB43/,plate readers,"Laboratory instruments detect biological, chemical or physical events in samples held in multiple (typically 6, 24, 96, 384 or 1536) wells arranged in a matrix in a flat plate. Samples in the plate wells are simultaneously assayed optically using techniques such as spectrophotometry or spectrofluorometry."
SDN:L05::MOD07,http://vocab.nerc.ac.uk/collection/L05/current/MOD07/,Physical oceanographic models,"Numerical models that make predictions of physical oceanographic parameters such as water body temperature, salinity, currents and waves."
SDN:L05::183,http://vocab.nerc.ac.uk/collection/L05/current/183/,acoustic backscatter sensors,Instrument that measures the amount of sound energy transmitted into the water column returned to the instrument.
SDN:L05::LAB14,http://vocab.nerc.ac.uk/collection/L05/current/LAB14/,inductively-coupled plasma atomic emission spectroscopes,Instruments that pass nebulised samples into an inductively-coupled gas plasma (8-10000 K) where they are atomised and excited. The de-excitation optical emissions at characteristic wavelengths are spectroscopically analysed.
SDN:L05::EXLH,http://vocab.nerc.ac.uk/collection/L05/current/EXLH/,high penetration low resolution explosives,Groups all explosives that allows high penetration but low resolution surveys.
SDN:L05::LAB24,http://vocab.nerc.ac.uk/collection/L05/current/LAB24/,gel permeation chromatographs,Instruments that separate components in aqueous or organic solution based on molecular size generally for molecular weight determination.
SDN:L05::999,http://vocab.nerc.ac.uk/collection/L05/current/999/,unknown,The correct value is not known to and not computable by the creator of this information. However a correct value probably exists.
SDN:L05::58,http://vocab.nerc.ac.uk/collection/L05/current/58/,continuous air samplers,"A device that continuously supplies a flow of air either to an analytical instrument, over a sensor or from which discrete samples may be drawn."
SDN:L05::373,http://vocab.nerc.ac.uk/collection/L05/current/373/,>2000 Hz top-bandwidth single-channel seismic reflection systems,An energy source with a frequency up to >2000 Hz (sampling interval lower than 0.25 msec) plus a single string of towed hydrophones (streamer) that determine geologic structure by detecting waves reflected by subsurface layers.
SDN:L05::153,http://vocab.nerc.ac.uk/collection/L05/current/153/,single-channel seismic reflection systems,An energy source of unspecified frequency plus a single string of towed hydrophones (streamer) that determine geologic structure by detecting waves reflected by subsurface layers.
SDN:L05::372,http://vocab.nerc.ac.uk/collection/L05/current/372/,2000 Hz top-bandwidth single-channel seismic reflection systems,An energy source with a frequency up to 2000 Hz (sampling interval ranging from 0.5-0.25 msec) plus a single string of towed hydrophones (streamer) that determine geologic structure by detecting waves reflected by subsurface layers.
SDN:L05::371,http://vocab.nerc.ac.uk/collection/L05/current/371/,60 Hz top-bandwidth single-channel seismic reflection systems,An energy source with a frequency up to 60 Hz (sampling interval higher than 8 msec) plus a single string of towed hydrophones (streamer) that determine geologic structure by detecting waves reflected by subsurface layers.
SDN:L05::LAB47,http://vocab.nerc.ac.uk/collection/L05/current/LAB47/,thermal ionisation mass spectrometers,"Instruments that measure isotopic ratios using thermal ionisation. Purified samples are heated to cause ionisation of atoms. Subsequently, ions are focused into a beam by an electromagnet and then separated into individual beams based on their mass/charge ratio."
SDN:L05::13,http://vocab.nerc.ac.uk/collection/L05/current/13/,aerosol samplers,A device that collects a sample of aerosol (dry particles or liquid droplets) from the atmosphere.
SDN:L05::50,http://vocab.nerc.ac.uk/collection/L05/current/50/,sediment grabs,A device that collects a sample of surface sediment including manually deployed equipment like a shovel or bucket.
SDN:L05::305,http://vocab.nerc.ac.uk/collection/L05/current/305/,scatterometers,Sensors that measure the reflection or scattering effect produced while scanning the surface of the earth. Primarily used to measure near surface winds over the oceans.
SDN:L05::383,http://vocab.nerc.ac.uk/collection/L05/current/383/,metal analysers,"In-situ instruments that can determine the total, dissolved or particulate concentration of one or more metallic elements (including trace metalloids like arsenic) in a water body."
SDN:L05::FFES,http://vocab.nerc.ac.uk/collection/L05/current/FFES/,Fish-finder echosounders,Sonar instruments primarily designed to detect aquatic organisms through directed transmission and reception of acoustic signals. They often utilise multiple frequencies.
SDN:L05::MMIS,http://vocab.nerc.ac.uk/collection/L05/current/MMIS/,multi-frame imaging sonar,"High-frequency (>1 MHz), possibly multiple frequency, active sonar systems that provide images approaching the same quality as optical video cameras. They may be deployed in many ways including hand-held by divers, attached to profiling instruments, AUVs and ROVs, towed fish or moorings.  They have many scientific, commercial and military applications including observation and identification of fish, seabed characterisation, underwater vessel inspections and mine detection. Examples of this type of system are DIDSON (Dual-frequency IDentification SONar) and LIMIS (Limpet Mine Imaging Sonar).  Any instrument that may be considered the underwater acoustic equivalent of an optical video camera belongs in this category."
SDN:L05::MOD02,http://vocab.nerc.ac.uk/collection/L05/current/MOD02/,Regional models,Numerical models that make predictions within a limited geographic area.
SDN:L05::MOD06,http://vocab.nerc.ac.uk/collection/L05/current/MOD06/,Meteorological models,"Numerical models that make predictions of weather parameters such as air temperature, pressure, humidity and winds."
SDN:L05::376,http://vocab.nerc.ac.uk/collection/L05/current/376/,sediment surface markers,Physical markers that allow changes in the position of the boundary between sediment and air or water by visible comparison against marked graduations in units of measurement of dimension length.
SDN:L05::395,http://vocab.nerc.ac.uk/collection/L05/current/395/,clock synchronisers,Instruments that coordinate the time or frequency of independent time devices usually across networks.
SDN:L05::116,http://vocab.nerc.ac.uk/collection/L05/current/116/,lowered current profilers,"An acoustic doppler current meter lowered and raised vertically from a surface platform, typically a ship."
SDN:L05::135,http://vocab.nerc.ac.uk/collection/L05/current/135/,thermistor chains,A group of rigidly-mounted temperature sensors sampled by a common data logger held at various depths in the water column.
SDN:L05::364,http://vocab.nerc.ac.uk/collection/L05/current/364/,1000 Hz top-bandwidth multi-channel seismic reflection systems,An energy source with a frequency up to 1000 Hz (sampling interval ranging from 2-0.5 msec) plus a multiple strings of towed hydrophones (streamers) that determine geologic structure by detecting waves reflected by subsurface layers.
SDN:L05::154,http://vocab.nerc.ac.uk/collection/L05/current/154/,multi-channel seismic reflection systems,An energy source of unspecified frequency plus a multiple strings of towed hydrophones (streamers) that determine geologic structure by detecting waves reflected by subsurface layers.
SDN:L05::366,http://vocab.nerc.ac.uk/collection/L05/current/366/,>2000 Hz top-bandwidth multi-channel seismic reflection systems,An energy source with a frequency up to >2000 Hz (sampling interval lower than 0.25 msec) plus a multiple strings of towed hydrophones (streamers) that determine geologic structure by detecting waves reflected by subsurface layers.
SDN:L05::365,http://vocab.nerc.ac.uk/collection/L05/current/365/,2000 Hz top-bandwidth multi-channel seismic reflection systems,An energy source with a frequency up to 2000 Hz (sampling interval ranging from 0.5-0.25 msec) plus a multiple strings of towed hydrophones (streamers) that determine geologic structure by detecting waves reflected by subsurface layers.
SDN:L05::374,http://vocab.nerc.ac.uk/collection/L05/current/374/,60 Hz top-bandwidth multi-channel seismic reflection systems,An energy source with a frequency up to 60 Hz (sampling interval higher than 8 msec) plus a multiple strings of towed hydrophones (streamers) that determine geologic structure by detecting waves reflected by subsurface layers.
SDN:L05::MOD03,http://vocab.nerc.ac.uk/collection/L05/current/MOD03/,Atmosphere models,Numerical models the make predictions in the atmosphere assuming that it is a closed system that doesn't interact with the hydrosphere.
SDN:L05::POS23,http://vocab.nerc.ac.uk/collection/L05/current/POS23/,radio tracking systems,"{""node"": {""notes"": ""Directional radio receivers that determine the location of a mobile radio transmitter (such as a bird or animal tag) by triangulation.""}}"
SDN:L05::POS22,http://vocab.nerc.ac.uk/collection/L05/current/POS22/,Trisponder navigation systems,"{""node"": {
    ""notes"": ""Family of microwave short-range positioning systems with vessel equipment and three shore transponders (master and two slaves) set up specifically for surveys."",
    ""range"": ""80km"",
    ""accuracy"": ""1m (resolution 0.1m)""
}}"
SDN:L05::POS05,http://vocab.nerc.ac.uk/collection/L05/current/POS05/,Long Range Navigation version C receivers,"{""node"": {
    ""mode"": ""hyperbolic"",
    ""notes"": ""Global navigation based on transmitters in several European countries, Japan, Canada (until 2002-10) and USA (until 2010-02-08)."",
    ""range"": ""950kmto 1700km (day): 650km to 1250km (day)"",
    ""operational"": ""1947 to 2010. Maintained as GPS backup in the EU."",
    ""frequency"": ""70-130kHz""
}}"
SDN:L05::POS09,http://vocab.nerc.ac.uk/collection/L05/current/POS09/,Toran receivers,"{""node"": {
    ""mode"": ""hyperbolic"",
    ""notes"": ""Mostly used for aircraft."",
    ""range"": ""150-200km"",
    ""accuracy"": ""better than 20m"",
    ""frequency"": ""around 2MHz""
}}"
SDN:L05::POS07,http://vocab.nerc.ac.uk/collection/L05/current/POS07/,Sextants,"{""node"": {""notes"": ""Optical instruments that accurately measure the angle between pairs of visible celestial bodies such as the sun, moon or stars.""}}"
SDN:L05::POS06,http://vocab.nerc.ac.uk/collection/L05/current/POS06/,Marine chronometers,"{""node"": {""notes"": ""Timepieces of sufficient precision to allow their use of portable time standards.""}}"
SDN:L05::POS10,http://vocab.nerc.ac.uk/collection/L05/current/POS10/,Automatic Ranging Grid Overlay DM 54 receivers,"{""node"": {
    ""mode"": ""hyperbolic"",
    ""notes"": ""Survey positioning system."",
    ""range"": ""450km"",
    ""accuracy"": ""4-7m down to 20m at maximum range"",
    ""operational"": ""from 1977 (mid-80s in Europe)"",
    ""frequency"": ""1.6-2MHz""
}}"
SDN:L05::POS15,http://vocab.nerc.ac.uk/collection/L05/current/POS15/,Omega receivers,"{""node"": {
    ""mode"": ""hyperbolic"",
    ""notes"": ""Global long-range but low accuracy navigation system"",
    ""range"": ""up to 15000km"",
    ""accuracy"": ""better than 7.4km"",
    ""operational"": ""1968-1997"",
    ""frequency"": ""10-14kHz""
}}"
SDN:L05::POS26,http://vocab.nerc.ac.uk/collection/L05/current/POS26/,Ultra Short Baseline Positioning Systems,Systems dedicated to the positioning of subsea vehicles such as ROV and AUV. They are based on acoustic transmitted signals between one or several transponders and one acoustic antenna installed on a surface vessel. The transponders are mounted on the underwater vehicle or are fixed on the seafloor. These underwater acoustic positioning systems are coupled with inertial navigation systems.
SDN:L05::POS21,http://vocab.nerc.ac.uk/collection/L05/current/POS21/,Hyperfix receivers,"{""node"": {
    ""mode"": ""hyperbolic (usual), circular or combined"",
    ""notes"": ""Racal positioning system similar to Decca HiFix based on temporary or permanent transmitter chains comprising a master plus at least two slaves."",
    ""range"": ""250km (night) to 700km (day)"",
    ""accuracy"": ""up to 0.5-1m"",
    ""operating"": ""until 2000"",
    ""frequency"": ""1.6-3.4MHz""
}}"
SDN:L05::POS24,http://vocab.nerc.ac.uk/collection/L05/current/POS24/,dead reckoning,"{""node"": {""notes"": ""The process of estimating current position based upon a previously determined position, or fix, and advancing that position based upon known or estimated speeds over elapsed time, and course.""}}"
SDN:L05::357,http://vocab.nerc.ac.uk/collection/L05/current/357/,acoustic tracking systems,A network of acoustic sensors that determine the location of a sound source by triangulation such as acoustically active float tracking systems.
SDN:L05::POS13,http://vocab.nerc.ac.uk/collection/L05/current/POS13/,Rana receivers,"{""node"": {
    ""mode"": ""hyperbolic"",
    ""frequency"": ""around 300-400kHz""
}}"
SDN:L05::POS12,http://vocab.nerc.ac.uk/collection/L05/current/POS12/,Système leger de measure de distance receivers,"{""node"": {
    ""mode"": ""hyperbolic or circular"",
    ""notes"": ""Navigation and positioning system for the North Sea petroleum industry."",
    ""range"": ""400km hyperbolic; 75-100km circular"",
    ""accuracy"": ""better than 2m below horizon (10m above horizon)"",
    ""operational"": ""1980s to 1995"",
    ""frequency"": ""420-450MHz""
}}"
SDN:L05::POS11,http://vocab.nerc.ac.uk/collection/L05/current/POS11/,Trident receivers,"{""node"": {
    ""mode"": ""circular"",
    ""notes"": ""Survey positioning system."",
    ""range"": ""150km"",
    ""accuracy"": ""better than 3m"",
    ""frequency"": ""420-450MHz""
}}"
SDN:L05::384,http://vocab.nerc.ac.uk/collection/L05/current/384/,ADVs and turbulence probes,ADV is the acronym for acoustic doppler velocimeter. The group includes all in-situ instruments that make high frequency measurements of three-dimensional current velocity in order to determine the extent of turbulence within a water body.
SDN:L05::184,http://vocab.nerc.ac.uk/collection/L05/current/184/,microstructure sensors,Fast response sensors sampled at high frequency to determine the distribution of water body properties on a millimetric scale.
SDN:L05::POS08,http://vocab.nerc.ac.uk/collection/L05/current/POS08/,Decca Navigator System HiFix receivers,"{""node"": {
    ""mode"": ""hyperbolic"",
    ""notes"": ""Not for general navigation.  Chains usually set up for specific surveys."",
    ""range"": ""under 100km"",
    ""accuracy"": ""better than 10m: maximum accuracy at 50km range is 1.5m"",
    ""operating"": ""1962 to 2000"",
    ""frequency"": ""1.6MHz""
}}"
SDN:L05::POS27,http://vocab.nerc.ac.uk/collection/L05/current/POS27/,Automatic Identification System receivers,"Digital positional awareness systems operating in the Very High Frequency (VHF) maritime band. They allow vessels and marine traffic services to automatically receive identity, position, speed, course, operational status and destination transmitted by other ships and platforms."
SDN:L05::159,http://vocab.nerc.ac.uk/collection/L05/current/159/,magnetometers,Instrument that makes measurements of the Earth's magnetic field.
SDN:L05::363,http://vocab.nerc.ac.uk/collection/L05/current/363/,1000 Hz top-bandwidth single-channel seismic reflection systems,An energy source with a frequency up to 1000 Hz (sampling interval ranging from 2-0.5 msec) plus a single string of towed hydrophones (streamer) that determine geologic structure by detecting waves reflected by subsurface layers.
SDN:L05::382,http://vocab.nerc.ac.uk/collection/L05/current/382/,atmospheric gas analysers,In-situ instruments that can determine the proportion of one or more gaseous components of the atmosphere.
SDN:L05::103,http://vocab.nerc.ac.uk/collection/L05/current/103/,radiosondes,"A balloon-borne package equipped with a radio transmitter and meteorological sensors typically measuring temperature, pressure, and humidity."
SDN:L05::56,http://vocab.nerc.ac.uk/collection/L05/current/56/,snow and ice samplers,A device that collects a sample of frozen seawater or accumulated frozen precipitation.
SDN:L05::POS14,http://vocab.nerc.ac.uk/collection/L05/current/POS14/,Pulse8 receivers,"{""node"": {
    ""mode"": ""hyperbolic"",
    ""range"": ""250km to 750km"",
    ""accuracy"": ""30m to 500m"",
    ""operational"": ""1970s to late 1990s"",
    ""frequency"": ""100kHz""
}}"
SDN:L05::307,http://vocab.nerc.ac.uk/collection/L05/current/307/,accelerometers,Instruments that measure non-gravitational accelerations acting upon a spacecraft.
SDN:L05::389,http://vocab.nerc.ac.uk/collection/L05/current/389/,Expendable bathythermographs,"Disposable, free-falling probes that measure temperature in relation to depth using a thermistor and electronic data acquisition system. Probes are dropped into the water and a temperature signal is transferred to the platform by a wire that breaks when the wire is out. Depth is calculated as a function of time to descend and a known constant rate of descent."
SDN:L05::SNWG,http://vocab.nerc.ac.uk/collection/L05/current/SNWG/,watergun,"A marine seismic energy source divided into two chambers, the firing chamber, which contains compressed air, and the other chamber, which is filled with water. When the gun is fired, the compressed air forces the shuttle downward and this expels the water from the lower chamber. The shot of water leaving the gun creates a void behind it and the collapse of water into this void creates an acoustic wave."
SDN:L05::112,http://vocab.nerc.ac.uk/collection/L05/current/112/,inverted echosounders,Instruments that locate acoustic reflectors such as fronts in the water column by transmitting pulses of sound from the seabed and determing reflection return times.
SDN:L05::72,http://vocab.nerc.ac.uk/collection/L05/current/72/,queen scallop dredges,"Code deprecated on 20Dec2019: created in error. Description was: The dredges used to target queen scallops are wider and higher than a traditional scallop dredge. They do not have tooth bar across the front, instead they have either a metal grid, or tickler chains to get the scallops to lift up off the seabed and swim into the dredge. The scallops then fall back into a bag made of metal rings. Some fishermen are replacing the tickler chain and metal grid with a strip of rubber matting across the front of the dredge (source seafish.org)."
SDN:L05::24,http://vocab.nerc.ac.uk/collection/L05/current/24/,benthos samplers,"A mechanical device that collects organisms from the seafloor. Includes dredges, sledges, weighted nets like beam trawls, and ROV manipulators."
SDN:L05::64,http://vocab.nerc.ac.uk/collection/L05/current/64/,active fishing gear,Apparatus where capture is based on chasing the target species (e.g. a trawl).
SDN:L05::71,http://vocab.nerc.ac.uk/collection/L05/current/71/,scallop dredges,"Code deprecated on 20Dec2019: created in error. Description was: Rigid structures with a chain mail collecting bag, towed on the seabed to target king scallops. Generally used by towing several dredges side by side behind the vessel (source: seafish.org)."
SDN:L05::LAB38,http://vocab.nerc.ac.uk/collection/L05/current/LAB38/,cavity enhanced absorption spectrometers,"Instruments that illuminate a sample inside an optical cavity, typically using laser light, and measure the concentration or amount of a species in gas phase by absorption spectroscopy. Techniques include cavity ring-down spectroscopy (CRDS) and integrated cavity output spectroscopy (ICOS)."
SDN:L05::23,http://vocab.nerc.ac.uk/collection/L05/current/23/,pelagic trawl nets,A net towed through the water column designed to sample free-swimming nekton or fish.
SDN:L05::61,http://vocab.nerc.ac.uk/collection/L05/current/61/,demersal trawl nets,Nets towed over the sea floor designed to sample species living on or near the bottom.
SDN:L05::62,http://vocab.nerc.ac.uk/collection/L05/current/62/,beam trawls,Nets towed over the sea floor having the horizontal net opening provided by a wooden or metal beam that disrupts the surface of the bed.
SDN:L05::152,http://vocab.nerc.ac.uk/collection/L05/current/152/,sidescan sonars,"Instruments with directional acoustic transmitters and receivers fitted to an underwater platform that emit fan-shaped pulses down toward the seafloor across a wide angle perpendicular to the path of the platform through the water. Used for the classification of seafloor substrates and structures according to the intensity of signal return. Higher signal return intensities indicate harder substrates or structures, and vice versa."
SDN:L05::81,http://vocab.nerc.ac.uk/collection/L05/current/81/,shipboard incubators,A device mounted on a ship that holds water samples under conditions of controlled temperature or controlled temperature and illumination.
SDN:L05::84,http://vocab.nerc.ac.uk/collection/L05/current/84/,sieves and filters,Devices that separate solid particles larger than a particular size from a sample collected by another device that is a suspension of solid particles in a liquid or gas.
SDN:L05::32,http://vocab.nerc.ac.uk/collection/L05/current/32/,particulates samplers,A system that collects samples of water column particulates such as in-situ high volume filtration systems liks SAPs.
SDN:L05::LAB11,http://vocab.nerc.ac.uk/collection/L05/current/LAB11/,high performance liquid chromatographs,Instruments that separate and analyse mixtures of substances by high pressure pumping the sample through a column packed with microspheres coated with the stationary phase.
SDN:L05::73,http://vocab.nerc.ac.uk/collection/L05/current/73/,seine nets,"A surrounding net designed to sample fish that hangs vertically in the water with its bottom edge held down by weights and its top edge buoyed by floats. Seine nets can be deployed from the shore as a beach seine, or from a boat."
SDN:L05::181,http://vocab.nerc.ac.uk/collection/L05/current/181/,nutrient analysers,"Instrument that makes in-situ measurements of one or more of nitrate, nitrite, ammonium, urea, phosphate or silicate dissolved in the water column."
SDN:L05::POS01,http://vocab.nerc.ac.uk/collection/L05/current/POS01/,Decca Navigator System main chain receivers,"{""node"": {
    ""mode"": ""hyperbolic"",
    ""notes"": ""Transmitter groups, each with a master and three slaves"",
    ""range"": ""450km (day) to 750km (night)"",
    ""accuracy"": ""50m(day) to 200m (night) in good conditions down to 2km near range limit"",
    ""operating"": ""WWII to 2001-03 (2000-03-31 in UK)"",
    ""frequency"": ""70 and 130kHz""
}}"
SDN:L05::POS20,http://vocab.nerc.ac.uk/collection/L05/current/POS20/,Motorola Mini-Ranger receivers,"{""node"": {
    ""notes"": ""A family of short-wave receivers that determine position by determining the line-of-sight distance from 3 or more transmitters set up for the survey."",
    ""range"": ""up to 75km"",
    ""accuracy"": ""up to 2m"",
    ""frequency"": ""5410-5890MHz""
}}"
SDN:L05::114,http://vocab.nerc.ac.uk/collection/L05/current/114/,current meters,Instrument that measures current speed and direction at a single depth.
SDN:L05::150,http://vocab.nerc.ac.uk/collection/L05/current/150/,in-situ particle sizers,Sensors or instruments physically located in any body of water that measure the size spectrum of particles suspended in it.
SDN:L05::67,http://vocab.nerc.ac.uk/collection/L05/current/67/,high-speed plankton samplers,"A fine-meshed net or filter towed behind a moving vessel that collects a single sample for a tow. Samples microzooplankton, mesozooplankton and nekton."
SDN:L05::LAB30,http://vocab.nerc.ac.uk/collection/L05/current/LAB30/,salinometers,Instruments that measure the salinity of a collected water sample based on its electrical conductivity or optical properties.
SDN:L05::TRTG,http://vocab.nerc.ac.uk/collection/L05/current/TRTG/,tracking tags,Devices attached to living organisms with the purpose of determining the location of those organisms as a function of time after tagging and release.
SDN:L05::185,http://vocab.nerc.ac.uk/collection/L05/current/185/,sound velocity sensors,Instrument that measures the velocity of sound in seawater.
SDN:L05::LAB17,http://vocab.nerc.ac.uk/collection/L05/current/LAB17/,accelerator mass spectrometers,"Instruments measuring the mass-to-charge ratio of the products of sample molecule disassociation, atom ionisation and ion acceleration in a particle accelerator."
SDN:L05::355,http://vocab.nerc.ac.uk/collection/L05/current/355/,pH sensors,Instruments that measure the hydrogen ion concentration in the water column.
SDN:L05::356,http://vocab.nerc.ac.uk/collection/L05/current/356/,redox potential sensors,Instruments that measure the tendency of the water column to either gain or lose electrons when it is subject to change by introduction of a new species.
SDN:L05::POS19,http://vocab.nerc.ac.uk/collection/L05/current/POS19/,inertial navigation systems,"{""node"": {""notes"": ""Systems that determine spatial position using high-accuracy inertial measurements plus input from other sensors such as doppler current sensors to determine platform 3-D location by interpolation between satellite network fixes.""}}"
SDN:L05::LAB35,http://vocab.nerc.ac.uk/collection/L05/current/LAB35/,voltammetry analysers,Instruments that obtain information about an analyte by applying a potential and measuring the current produced in the analyte.
SDN:L05::304,http://vocab.nerc.ac.uk/collection/L05/current/304/,ocean colour radiometers,Sensors that measure the intensity and nature of electromagnetic radiation in a manner optimised for the determination of ocean chlorophyll concentration.
SDN:L05::LAB02,http://vocab.nerc.ac.uk/collection/L05/current/LAB02/,gas chromatographs,"Instruments separating gases, volatile substances or substances dissolved in a volatile solvent by transporting an inert gas through a column packed with a sorbent to a detector for assay."
SDN:L05::11,http://vocab.nerc.ac.uk/collection/L05/current/11/,discrete air samplers,"A device that collects a sample of air from the atmosphere and stores it, usually under pressure, for subsequent analysis."
SDN:L05::ATRANS,http://vocab.nerc.ac.uk/collection/L05/current/ATRANS/,atmospheric transparency quantifiers,"Instruments that quantify the degree of scattering and absorption of light passing through the atmosphere, including instruments that quantify aerosol and particulate concentrations (e.g. black carbon) and instruments measure meteorological visibility."
SDN:L05::LAB03,http://vocab.nerc.ac.uk/collection/L05/current/LAB03/,colorimeters,Instruments measuring the amount of light of a given wavelength absorbed by a sample of solution to determine the concentration of a specific coloured solute.
SDN:L05::LAB23,http://vocab.nerc.ac.uk/collection/L05/current/LAB23/,bench fluorometers,Instruments that determine the amount of chlorophyll in in-vitro samples by measuring the quantity of red light (around 685 nm) emitted following excitation by pulses of blue light (around 460 - 470 nm).
SDN:L05::SPRK,http://vocab.nerc.ac.uk/collection/L05/current/SPRK/,Sparker,A seismic source in which an electrical discharge in water is the energy source.
SDN:L05::LAB42,http://vocab.nerc.ac.uk/collection/L05/current/LAB42/,laboratory optical rangefinders,Devices used to detect the distance between sensor and sample or presence/absence of an object based a light (often infrared and possibly laser) transmitter and a photoelectric receiver.
SDN:L05::306,http://vocab.nerc.ac.uk/collection/L05/current/306/,synthetic aperture radars,Instruments that generate maps of radar reflectivity through the synthesis of multiple pulses from a moving platform.
SDN:L05::381,http://vocab.nerc.ac.uk/collection/L05/current/381/,precipitation gauges,"Instruments that measure either the rate of fall or integrated amount of rain, snow, sleet, hail or graupel."
SDN:L05::LAB27,http://vocab.nerc.ac.uk/collection/L05/current/LAB27/,bench particle sizers,Instruments that measure the size spectrum of particles in a water or sediment sample.
SDN:L05::LAB49,http://vocab.nerc.ac.uk/collection/L05/current/LAB49/,Atomic fluorescence spectrometers,"Instruments that illuminate the vapour from volatilised samples with light and quantify the intensity of light emitted, which is usually proportional to concentration."
SDN:L05::ERTQ,http://vocab.nerc.ac.uk/collection/L05/current/ERTQ/,earthquake,A sudden release of stress in the Earth's crust that creates energy in the form of seimic waves.
SDN:L05::NATS,http://vocab.nerc.ac.uk/collection/L05/current/NATS/,natural source,"Any kind of natural source of acoustic waves, that can be used in passive seismics."
SDN:L05::123,http://vocab.nerc.ac.uk/collection/L05/current/123/,optical backscatter sensors,Instrument that measures the amount of electromagnetic radiation emitted into the water column returned to the instrument.
SDN:L05::353,http://vocab.nerc.ac.uk/collection/L05/current/353/,active fluorometers,Fluorometers that measure photosynthetic parameters by taking measurements whilst manipulating the phytoplankton with controlled high-intensity illumination such as pump and probe and FRRF.
SDN:L05::LAB21,http://vocab.nerc.ac.uk/collection/L05/current/LAB21/,liquid scintillation counters,Instruments assaying alpha and beta radiation by quantitative detection of visible light produced by the passage of rays or particles through a suitable scintillant incorporated into the sample.
SDN:L05::LAB33,http://vocab.nerc.ac.uk/collection/L05/current/LAB33/,laboratory autosamplers,Laboratory apparatus  that automatically introduces one or more samples with a predetermined volume or mass into an analytical instrument.
SDN:L05::LAB36,http://vocab.nerc.ac.uk/collection/L05/current/LAB36/,flow injection analysers,"Instruments that inject a sample into a flowing carrier solution, adding reagents whilst controlling the environment to produce a chemical reaction before passing the sample to a detector."
SDN:L05::368,http://vocab.nerc.ac.uk/collection/L05/current/368/,seismometers,Devices placed on the ground or seabed to measure physical movement of that substrate.
SDN:L05::68,http://vocab.nerc.ac.uk/collection/L05/current/68/,multinets,"A system comprising several nets that can be opened and closed sequentially to collect a series of samples during a tow or haul. Samples microzooplankton, mesozooplankton and nekton."
SDN:L05::375,http://vocab.nerc.ac.uk/collection/L05/current/375/,250 Hz top-bandwidth multi-channel seismic reflection systems,An energy source with a frequency up to 250 Hz (sampling interval ranging from 2-8 msec) plus a multiple strings of towed hydrophones (streamers) that determine geologic structure by detecting waves reflected by subsurface layers.
SDN:L05::362,http://vocab.nerc.ac.uk/collection/L05/current/362/,250 Hz top-bandwidth single-channel seismic reflection systems,An energy source with a frequency up to 250 Hz (sampling interval ranging from 2-8 msec) plus a single string of towed hydrophones (streamer) that determine geologic structure by detecting waves reflected by subsurface layers.
SDN:L05::SNAG,http://vocab.nerc.ac.uk/collection/L05/current/SNAG/,airgun,"A marine seismic source which injects a bubble of highly compressed air into the water. Oscillations of the bubble as it alternatively expands and contracts generate a sonic wave whose frequency depends on the amount of air in the bubble, its pressure, and the water depth."
SDN:L05::385,http://vocab.nerc.ac.uk/collection/L05/current/385/,platform attitude sensors,Instruments that measure platform orientation or rates of platform motion or acceleration in any direction or along any axis. Excludes inertial navigation systems that are designed to determine platform location with respect to an external co-ordinate reference system.
SDN:L05::LAB10,http://vocab.nerc.ac.uk/collection/L05/current/LAB10/,atomic absorption spectrometers,"Instruments that volatilise the sample, illuminate the resultant vapour with light wavelengths matched to the analyte of interest and quantify the radiation absorbed, which is proportional to concentration."
SDN:L05::52,http://vocab.nerc.ac.uk/collection/L05/current/52/,sediment porewater samplers,A device that collects samples of pore water from various horizons below the seabed.
SDN:L05::LAB01,http://vocab.nerc.ac.uk/collection/L05/current/LAB01/,elemental analysers,"Instruments that quantify carbon, nitrogen and sometimes other elements by combusting the sample at very high temperature and assaying the resulting gaseous oxides. Usually used for samples including organic material."
SDN:L05::101,http://vocab.nerc.ac.uk/collection/L05/current/101/,anemometers,Instrument that measures wind speed and direction at a single elevation.
SDN:L05::LAB05,http://vocab.nerc.ac.uk/collection/L05/current/LAB05/,optical microscopes,Instruments that generate enlarged images of samples using the phenomena of reflection and absorption of visible light. Includes conventional and inverted instruments.
SDN:L05::LAB06,http://vocab.nerc.ac.uk/collection/L05/current/LAB06/,fluorescence microscopes,"Instruments that generate enlarged images of samples using the phenomena of fluorescence and phosphorescence instead of, or in addition to, reflection and absorption of visible light. Includes conventional and inverted instruments."
SDN:L05::LAB46,http://vocab.nerc.ac.uk/collection/L05/current/LAB46/,proton transfer reaction mass spectrometers,"Instruments that ionise trace gas molecules by proton transfer from protonated water, H3O. Ions of specific mass-to-charge ratios are then quantified in a quadrupole or time-of-flight mass spectrometer."
SDN:L05::LAB48,http://vocab.nerc.ac.uk/collection/L05/current/LAB48/,isotope ratio mass spectrometers,"Instruments that measure isotopic ratios using an electron ionisation source. Atoms in purified samples are ionised using a beam of electrons under vacuum. Subsequently, ions are focused into a beam by an electromagnet and then separated into individual beams based on their mass/charge ratio."
SDN:L05::314,http://vocab.nerc.ac.uk/collection/L05/current/314/,Atmospheric chemistry remote sensors,Instruments that measure the intensity and nature of electromagnetic radiation in a manner optimised for the quantification of chemical compounds in the atmosphere.
SDN:L05::302,http://vocab.nerc.ac.uk/collection/L05/current/302/,water body temperature sensor,Sensors that measure the intensity and nature of electromagnetic radiation emitted from the Earth in a manner optimised for the determination of water body surface temperature.
SDN:L05::30,http://vocab.nerc.ac.uk/collection/L05/current/30/,discrete water samplers,"A device that collects an in-situ discrete water sample from any depth and returns it to the surface without contamination by the waters through which it passes, such as a water bottle."
SDN:L05::31,http://vocab.nerc.ac.uk/collection/L05/current/31/,continuous water samplers,"A device that continuously supplies a flow of water either to an analytical instrument, over a sensor or from which samples may be drawn."
SDN:L05::69,http://vocab.nerc.ac.uk/collection/L05/current/69/,neuston nets,"A fine-meshed net designed to collect small size organisms, aggregates, or litter on top of or close to the surface of a water column (top 10 to 50 centimetres) including for example microzooplankton, mesozooplankton, nekton, microplastic or other litter."
SDN:L05::111,http://vocab.nerc.ac.uk/collection/L05/current/111/,sea level recorders,Instruments that make smoothed measurements of the elevation of the sea surface relative to a fixed vertical datum.
SDN:L05::386,http://vocab.nerc.ac.uk/collection/L05/current/386/,Aerosol physical characterisers,Instruments that determine physical attributes such as size and abundance of atmospheric aerosols.
SDN:L05::LAB37,http://vocab.nerc.ac.uk/collection/L05/current/LAB37/,flow cytometers,"Instruments that suspend cells in a stream of fluid past detection sensors whilst illuminating them with laser light. Used for cell counting, sorting, biomarker detection and protein engineering."
SDN:L05::POS25,http://vocab.nerc.ac.uk/collection/L05/current/POS25/,Kinematic Global Positioning System receivers,"{""node"": {
    ""notes"": ""Real Time Kinematic (RTK) satellite navigation technique based on the use of carrier phase measurements of the GPS signals where a single reference station or a network of reference stations provides the real-time corrections."",
    ""accuracy"": ""Horizontal Accuracy: Fixed RTK mode: 1-5cm, Float RTK mode: 20cm-1m. Vertical accuracy : twice the horizontal accuracy"",
    ""operating"": ""Since the mid-1990s""
}}"
SDN:L05::351,http://vocab.nerc.ac.uk/collection/L05/current/351/,dissolved gas sensors,"Instrument that measures the concentration of gases, generally oxygen, dissolved in the water column."
SDN:L05::51,http://vocab.nerc.ac.uk/collection/L05/current/51/,unconsolidated sediment corers,Devices designed to collect samples of unconsolidated sediment from between the surface and depths from centimetres to 10s of metres with minimal disturbance of the sediment structure.
SDN:L05::33,http://vocab.nerc.ac.uk/collection/L05/current/33/,sediment traps,A collector of particulates as they sink through the water column.
SDN:L05::DLOG,http://vocab.nerc.ac.uk/collection/L05/current/DLOG/,data loggers,Electronic devices that record data over time or in relation to location either with a built-in instrument or sensor or via external instruments and sensors.
SDN:L05::LAB12,http://vocab.nerc.ac.uk/collection/L05/current/LAB12/,titrators,Instruments that incrementally add quantified aliquites of a reagent to a sample until the end-point of a chemical reaction is reached.
SDN:L05::102,http://vocab.nerc.ac.uk/collection/L05/current/102/,meteorological packages,"Instrument that makes routine meteorological measurements on the atmosphere, typically air pressure, temperature and humidity."
SDN:L05::115,http://vocab.nerc.ac.uk/collection/L05/current/115/,current profilers,Instrument that measures current speed and direction at multiple predetermined depths simultaneously.
SDN:L05::186,http://vocab.nerc.ac.uk/collection/L05/current/186/,radar altimeters,"Instruments that determine the distance between the platform and the Earth's surface by timing reflected electromagnetic radiation, usually microwaves."
SDN:L05::308,http://vocab.nerc.ac.uk/collection/L05/current/308/,atmospheric radiometers,Sensors that measure the intensity an nature of electromagnetic radiation in a manner optimised for the quantification of atmospheric phenomena.
SDN:L05::354,http://vocab.nerc.ac.uk/collection/L05/current/354/,expendable CTDs,Instruments that measure vertical profiles of sea temperature and salinity with a free falling disposable temperature and conductivity sensor package.
SDN:L05::110,http://vocab.nerc.ac.uk/collection/L05/current/110/,wave recorders,"Instrument that measures water column surface wave parameters including height, period, direction and energy spectra."
SDN:L05::158,http://vocab.nerc.ac.uk/collection/L05/current/158/,gravimeters,Instrument that makes measurements of the Earth's gravity field.
SDN:L05::LAB04,http://vocab.nerc.ac.uk/collection/L05/current/LAB04/,autoanalysers,"Instruments that continuously draw samples through plumbing adding reagents whilst controlling the environment to produce a chemical reaction before passing the sample to a detector, e.g. the automated colorimetric determination of nutrients."
SDN:L05::LAB20,http://vocab.nerc.ac.uk/collection/L05/current/LAB20/,spectrophotometers,"Instruments measuring the relative absorption of electromagnetic radiation of different wavelengths in the near infra-red, visible and ultraviolet wavebands by samples."
SDN:L05::122,http://vocab.nerc.ac.uk/collection/L05/current/122/,radiometers,Instrument that measures the intensity of electromagnetic radiation in either the atmosphere or the water column.
SDN:L05::369,http://vocab.nerc.ac.uk/collection/L05/current/369/,hydrophones,Devices containing transducers that convert underwater sound waves into electrical signals.
SDN:L05::CCOV,http://vocab.nerc.ac.uk/collection/L05/current/CCOV/,cloud cover quantifiers,Instruments that measure the proportion of the sky covered by cloud (cloud amount) and/or the height of the cloud above the ground (cloud base).
SDN:L05::92,http://vocab.nerc.ac.uk/collection/L05/current/92/,meteorological LiDARs,"Instruments that measure meteorological phenomena such as wind speed, wind direction and air quality remotely by determining the distances from a platform to a reflective surface in the atmosphere or at ground level, calculated from timed return rates of continuous or pulsed emissions of laser light."
SDN:L05::388,http://vocab.nerc.ac.uk/collection/L05/current/388/,flow meters,"Sensors that quantify the rate at which fluids (e.g. water or air) pass through sensor packages, instruments or sampling devices."
SDN:L05::113,http://vocab.nerc.ac.uk/collection/L05/current/113/,fluorometers,Instrument that measures the amount of stimulated electromagnetic radiation produced by pulses of electromagnetic radiation emitted into the water column.
SDN:L05::22,http://vocab.nerc.ac.uk/collection/L05/current/22/,plankton nets,"A fine-meshed net designed to collect small size organisms, aggregates, or litter in the water column including for example microzooplankton, mesozooplankton, nekton, microplastic or other litter."
SDN:L05::379,http://vocab.nerc.ac.uk/collection/L05/current/379/,altimeters,Instruments that measure their distance above a specified elevation such as the sea surface or the seabed. Classification includes acoustic and pressure-based instruments that are designed to provide platform z co-ordinate spatial coverage in the atmosphere or a water body. It excludes remote sensing instruments such as LIDAR and satellite radar altimeters designed to map surface elevation.
SDN:L05::130,http://vocab.nerc.ac.uk/collection/L05/current/130/,CTD,A reusable instrument that always simultaneously measures conductivity and temperature (for salinity) and pressure (for depth).
SDN:L05::WPS,http://vocab.nerc.ac.uk/collection/L05/current/WPS/,water pressure sensors,"Sensors measuring hydrostatic pressure that are capable of withstanding the physical demands made by in-situ measurements in water bodies. Depending upon the mode of deployment they may measure sea level, waves, mooring performance or the depth of a profiling instrument."
SDN:L05::134,http://vocab.nerc.ac.uk/collection/L05/current/134/,water temperature sensor,An instrument that measures the temperature of the water with which it is in contact.
SDN:L05::350,http://vocab.nerc.ac.uk/collection/L05/current/350/,salinity sensor,Instrument that simultaneously measures electrical conductivity and temperature in the water column to provide temperature and salinity data.
SDN:L05::157,http://vocab.nerc.ac.uk/collection/L05/current/157/,multi-beam echosounders,Instruments that measure water depth along several tracks parallel to the platform track by timing pulses of sound reflected on the seafloor.
SDN:L05::156,http://vocab.nerc.ac.uk/collection/L05/current/156/,single-beam echosounders,Instruments that measure water depth at a single point below the platform by timing pulses of sound reflected on the seafloor.
SDN:L05::312,http://vocab.nerc.ac.uk/collection/L05/current/312/,bathymetric LiDARs,Instruments that measure the depth of a water body by determining the distances from the platform to the surface and the bed by timing reflected pulses of laser light.
